Date,Open,High,Low,Close,Adj Close,Volume,RSI_14,WT_10,WT_11,CCI_20,CCI_2,ADX_20,ADX_2,RSI_9,RSI_2,Candlestick Shape,Candlestick Pattern,Price Change,200 MA,Primary Trend,RSI,Target,Direction
2022-06-14,7.735,7.98,7.585,7.82,7.82,30564100,39.79540803853854,-83.33333333333333,-83.33333333333333,-94.34466558501434,66.66666666666667,27.296765877035654,85.70226607948734,37.64225460618056,28.542961285726253,Bullish,None,0.1800000000000006,17.686799935000007,Bearish,40.27546499838602,0,-1.0
2022-06-15,7.92,8.3,7.815,8.12,8.12,38235300,43.18834666671151,-67.70833333333337,-67.70833333333337,-49.19593502535069,66.66666666666646,27.182140185795426,49.33620244910131,43.503788163465,62.22123322641959,Bullish,None,0.29999999999999893,17.62054993000001,Bearish,43.469785216013825,0,-1.0
2022-06-16,7.84,7.985,7.58,7.67,7.67,36793500,39.58464307471171,-91.14583333333334,-91.14583333333334,-92.18503407168161,-66.66666666666684,27.216491366809873,43.37251796536127,37.54785560061526,25.775971181138075,Bearish,None,-0.4499999999999993,17.55119992500001,Bearish,40.01277775086123,0,-1.0
2022-06-17,7.7,8.33,7.69,8.24,8.24,45518000,45.75855921383869,-61.45833333333332,-61.45833333333332,-41.44036529552782,66.6666666666665,26.892732813172366,41.93614766537277,47.74277711645205,70.1175438016945,Bullish,None,0.5700000000000003,17.48149992500001,Bearish,45.88347579475657,-1,-1.0
2022-06-30,9.02,9.19,8.72,9.07,9.07,33636400,50.987527182353034,-43.12977099236639,-43.12977099236639,23.42649933145509,-66.66666666666667,19.5883664653224,62.14797056092333,51.845707189235924,16.802897746029473,Bullish,None,0.8300000000000001,17.41424992500001,Bearish,53.0836517909916,0,0.0
2022-07-07,9.76,10.28,9.75,10.18,10.18,35672500,59.67024481682708,-8.176100628930868,-6.989247311827994,116.61408464001627,66.66666666666568,17.852842158090773,74.73606659338635,64.3236821877651,79.52890307181364,Bullish,None,1.1099999999999994,17.35609993000001,Bearish,60.62812447411318,0,1.0
2022-07-13,9.22,9.55,9.05,9.28,9.28,32461300,49.7705299609466,-66.26506024096393,-66.26506024096393,11.916984281019438,-66.66666666666667,15.8931917108091,76.88574152052075,47.5290569444633,8.52773791181419,Bullish,None,-0.9000000000000004,17.29184993500001,Bearish,53.163281397676975,0,-1.0
2022-07-14,9.23,9.28,8.85,8.9,8.9,26702100,45.91689929171616,-89.15662650602412,-89.15662650602412,-30.841615677641876,-66.66666666666667,15.23776795414725,84.75691761739435,41.451059670031285,3.156569657070939,Bearish,None,-0.379999999999999,17.227949935000012,Bearish,50.34472768429602,0,-1.0
2022-07-15,9.01,9.12,8.65,9.04,9.04,34918100,47.528834775499874,-77.45664739884401,-77.45664739884401,-50.26652011015432,-66.66666666666667,14.787783532435899,90.47040762886547,44.398111718266456,33.85452678287796,Bullish,Doji,0.1399999999999988,17.16034994000001,Bearish,51.36771058365045,0,0.0
2022-07-18,9.25,9.45,9.005,9.03,9.03,32428400,47.42011580512003,-78.03468208092492,-78.03468208092492,-32.87570030166875,66.66666666666667,14.051611991898545,57.38728107238315,44.21925523910551,32.38788562692691,Bearish,None,-0.009999999999999787,17.094599940000013,Bearish,51.28643461352876,0,-1.0
2022-07-26,9.66,9.66,9.38,9.4,9.4,21997800,49.56063152163883,-64.45497630331752,-64.45497630331752,-15.558005635183548,-66.66666666666667,12.774615186797897,41.350747133635664,47.43907598470217,16.86369967713441,Bearish,None,0.370000000000001,17.033049945000013,Bearish,54.17549201092831,0,-1.0
2022-08-08,9.77,10.4,9.71,9.82,9.82,125272600,47.864833084185435,-80.35714285714286,-80.35714285714286,-1.7292148659096878,-66.66666666666659,15.663835166967448,84.64087106013409,43.09454928782286,9.378774786580056,Bullish,None,0.41999999999999993,16.971649945000014,Bearish,57.27318932386885,0,-1.0
2022-08-09,9.54,9.57,9.01,9.25,9.25,58788900,43.09871601307857,-90.80459770114942,-90.80459770114942,-78.31241653549999,-66.6666666666665,14.993143045400435,85.51008822220098,36.94151963641218,5.741892993662722,Bearish,None,-0.5700000000000003,16.906699945000014,Bearish,52.12345728889874,-1,-1.0
2022-08-10,9.51,9.66,9.32,9.59,9.59,46054900,46.51954967633931,-77.77777777777777,-77.77777777777777,-52.93281400110598,66.66666666666714,14.287263928694212,75.07501754322925,42.4550580550001,35.554958916249966,Bullish,None,0.33999999999999986,16.843149950000015,Bearish,54.73777239390167,-1,-1.0
2022-08-12,9.55,9.97,9.42,9.91,9.91,30638200,49.933938988440005,-65.51724137931032,-65.51724137931032,-37.25826333017518,66.6666666666675,13.377093753232634,32.362930980885636,48.32045274218971,69.39942064796016,Bullish,None,0.3200000000000003,16.780099950000015,Bearish,57.11150451717858,-1,-1.0
2022-08-15,9.82,10.1,9.76,9.91,9.91,33263400,49.93393898844001,-65.51724137931032,-65.51724137931032,-23.414534279528016,66.66666666666667,13.055134548785555,41.672196952457085,48.32045274218971,69.39942064796016,Bullish,None,0.0,16.717899950000014,Bearish,57.11150451717857,-1,-1.0
2022-08-16,9.85,9.88,9.36,9.74,9.74,40603900,48.21321888611814,-72.03065134099614,-72.03065134099614,-63.699012851555025,-66.66666666666667,12.410400900410961,49.07780190937484,45.67419282445438,38.42849960989418,Bearish,Hammer,-0.16999999999999993,16.642149955000015,Bearish,55.32387832150254,-1,-1.0
2022-08-17,9.56,9.619,9.33,9.43,9.43,33933600,45.15731313776196,-83.9080459770115,-83.9080459770115,-85.36016711014982,-66.66666666666667,11.8067905688435,54.879559332388844,41.061050487924604,14.625081209425431,Bearish,None,-0.3100000000000005,16.564799955000012,Bearish,52.12014623846352,-1,-1.0
2022-08-18,9.42,9.47,9.12,9.15,9.15,26365600,42.534904817817825,-94.63601532567047,-94.63601532567047,-105.67618512561023,-66.66666666666667,11.409692826843289,69.07601107991012,37.23918816432574,6.902028629111951,Bearish,None,-0.27999999999999936,16.48804995500001,Bearish,49.34087192485169,-1,-1.0
2022-08-19,9.0,9.01,8.48,8.51,8.51,40560200,37.21507493764384,-98.43750000000004,-99.04458598726116,-159.07182797802457,-66.66666666666667,11.522481662378027,82.68026200778085,30.04754084160267,2.0216661382059886,Bearish,None,-0.6400000000000006,16.410749960000015,Bearish,43.615854656183814,-1,-1.0
2022-08-22,8.32,8.4,8.06,8.07,8.07,37824900,34.06103289042888,-99.50980392156863,-99.57264957264958,-187.93204644764594,-66.66666666666667,11.913629854126697,90.42089746030678,26.142696056862274,1.0250556350735316,Bearish,None,-0.4399999999999995,16.324699955000014,Bearish,40.16537703452169,-1,-1.0
2022-08-23,8.1,8.28,8.0,8.01,8.01,25658500,33.64231862458455,-99.52380952380953,-99.52380952380953,-170.88725575103746,-66.66666666666667,12.324726698143191,94.40716127027636,25.63169330870499,0.9035745696884324,Bearish,None,-0.0600000000000005,16.240649955000016,Bearish,39.70410881050629,-1,-1.0
2022-08-24,8.04,8.36,7.98,8.1,8.1,26576400,34.93439258773863,-94.33962264150946,-94.33962264150946,-141.38107189658638,66.66666666666667,12.633799956770428,71.43284705817479,28.006402955625546,26.89497319465066,Bullish,None,0.08999999999999986,16.155649955000015,Bearish,40.80231119794198,-1,-1.0
2022-08-25,8.22,8.43,8.05,8.42,8.42,25635600,39.4488999148796,-79.24528301886794,-79.24528301886794,-112.62366442421863,66.66666666666667,12.854313508770582,37.247758362573215,36.160436998353035,74.4845696877842,Bullish,None,0.3200000000000003,16.073399950000017,Bearish,44.661650973099725,-1,-1.0
2022-08-26,8.42,8.43,7.93,7.94,7.94,34150400,35.473022294943455,-99.5391705069124,-99.5391705069124,-113.82500868858159,-66.66666666666667,13.15413642161737,44.962085005936515,30.35816654598058,25.223978328283476,Bearish,None,-0.47999999999999954,15.984549955000016,Bearish,40.40631857305817,-1,-1.0
2022-08-29,7.82,7.998,7.76,7.81,7.81,28566200,34.460042646533125,-97.64150943396227,-97.86324786324788,-117.06577868225273,-66.66666666666691,13.566599332677132,62.82370164107144,28.943140021288606,18.571173690026463,Bearish,Doji,-0.13000000000000078,15.894799955000014,Bearish,39.313795813831035,-1,-1.0
2022-08-30,7.93,7.975,7.68,7.79,7.79,27189200,34.297772075326634,-94.32697266632283,-95.0,-107.52576798395059,-66.66666666666667,14.018733719980474,75.20949528193925,28.711515611406607,17.177183314443372,Bearish,None,-0.019999999999999574,15.802049955000014,Bearish,39.13846577324726,-1,-1.0
2022-08-31,7.95,8.0,7.7,7.72,7.72,28691500,33.699633435272254,-97.76536312849161,-97.93708096957194,-96.51405790445195,-66.66666666666666,14.417476455184033,64.26196258674727,27.834430797448018,11.260519525205865,Bearish,None,-0.07000000000000028,15.709649950000012,Bearish,38.491430239268105,-1,-1.0
2022-09-01,7.61,7.62,7.22,7.49,7.49,39079700,31.740924092390088,-84.91620111731842,-87.99999999999999,-112.56482157261948,-66.66666666666667,15.155652434181523,79.21937628285902,25.0102889807225,3.450419300326027,Bearish,Hammer,-0.22999999999999954,15.61454995000001,Bearish,36.36420761817236,-1,-1.0
2022-09-02,7.67,7.67,7.35,7.4,7.4,25965000,30.98207626778343,-85.12396694214871,-89.94413407821226,-103.56908862755553,66.66666666666667,15.79231699279076,71.72463686000793,23.940956284081274,2.2364602598120684,Bearish,None,-0.08999999999999986,15.51834995500001,Bearish,35.53660066105381,-1,-1.0
2022-09-06,7.45,7.46,7.17,7.28,7.28,30429400,29.953798488946354,-91.26984126984124,-91.26984126984124,-108.03935968755368,-66.66666666666667,16.528815032226326,77.38767429512012,22.498074514030538,1.1538781561256002,Bearish,None,-0.1200000000000001,15.42124995000001,Bearish,34.41203760270804,-1,-1.0
2022-09-07,7.27,7.43,7.18,7.39,7.39,30330000,32.17598025750946,-82.53968253968256,-82.53968253968256,-96.28218942374363,66.66666666666667,17.228488169690113,80.21919301267621,27.033093884029363,47.62964762208885,Bullish,None,0.10999999999999943,15.33029995000001,Bearish,36.39890394777473,-1,-1.0
2022-09-08,7.33,7.53,7.27,7.53,7.53,26303600,35.00224837187832,-71.4285714285714,-71.4285714285714,-81.56827987122173,66.66666666666667,17.74969992247902,47.91734325335901,32.67386179623056,76.1609394814663,Bullish,None,0.14000000000000057,15.23729995500001,Bearish,38.93439012465858,-1,-1.0
2022-09-09,7.68,7.82,7.64,7.79,7.79,27822300,40.00251193905368,-50.79365079365078,-50.79365079365078,-51.24056351612245,66.66666666666647,17.843435655867783,63.7333682310323,42.03587813481764,92.1155068048749,Bullish,None,0.2599999999999998,15.14484995000001,Bearish,43.44367645652032,-1,-1.0
2022-09-12,7.86,8.03,7.82,8.01,8.01,30544800,43.932910491666064,-2.325581395348789,-33.33333333333333,-26.83814377132493,66.66666666666667,17.65886615756771,76.99119064554421,48.811648640406,96.30286689618495,Bullish,None,0.21999999999999975,15.055749950000012,Bearish,47.009371528449016,-1,-1.0
2022-09-13,7.63,7.66,7.45,7.48,7.48,29770700,37.55084684476475,-63.95348837209294,-63.95348837209294,-70.93318491769192,-66.66666666666681,17.81922220976337,55.04384815160707,37.067974459748,27.05988967013554,Bearish,None,-0.5299999999999994,14.96184995000001,Bearish,40.40101875175193,-1,-1.0
2022-09-14,7.45,7.63,7.33,7.63,7.63,29422500,40.19862968899904,-46.51162790697671,-46.51162790697671,-66.58523221386113,0.0,18.07445524151359,53.97336164528297,41.54577108817279,48.158693698423654,Bullish,None,0.14999999999999947,14.864599950000011,Bearish,42.84967353897273,-1,-1.0
2022-09-15,7.47,8.1,7.45,8.01,8.01,51700600,46.39884766328157,-9.677419354838698,-9.677419354838698,-7.100373605228286,66.66666666666666,17.721774878511628,53.9522729585931,51.40096474872027,78.97411300504471,Bullish,None,0.3799999999999999,14.76149995500001,Bearish,48.60996740906216,-1,-1.0
2022-09-16,7.75,7.93,7.64,7.78,7.78,42155500,43.46166405794493,-34.408602150537575,-34.408602150537575,-8.304776941187123,-66.66666666666667,17.386728533659763,53.94172861524816,46.107745577400514,45.92695873537729,Bullish,Doji,-0.22999999999999954,14.656849960000011,Bearish,45.61324952149366,-1,-1.0
2022-09-19,7.64,7.86,7.58,7.86,7.86,29238800,44.7712557275027,-25.80645161290316,-25.80645161290316,-1.7849611200054911,-66.66666666666667,17.128548792151868,33.697281054874125,48.195275217721026,58.11861028733672,Bullish,None,0.08000000000000007,14.563399965000013,Bearish,46.84081779568295,-1,-1.0
2022-09-20,7.78,7.915,7.6,7.62,7.62,30349600,41.65411284925276,-52.17391304347821,-51.61290322580641,-11.399758851255704,-66.66666666666667,16.811061948121505,37.65117276256487,42.623096085410694,24.70191107871665,Bearish,None,-0.2400000000000002,14.468399960000013,Bearish,43.657244837427996,-1,-1.0
2022-09-21,7.72,8.07,7.655,7.69,7.69,36814500,42.90277209971289,-49.397590361445694,-44.565217391304266,22.01297540561242,66.66666666666667,16.30575398419462,58.5208669440011,44.7202299505984,43.61389917993049,Bearish,None,0.07000000000000028,14.369699960000014,Bearish,44.83492147743194,-1,-1.0
2022-09-22,7.74,7.74,7.24,7.37,7.37,49138300,38.81343943019532,-84.88372093023256,-84.88372093023256,-79.62326952023625,-66.66666666666667,16.263784887808406,59.17165735678613,37.644173748907896,13.231029224752659,Bearish,None,-0.3200000000000003,14.262699960000013,Bearish,40.65176588979838,-1,-1.0
2022-09-23,7.2,7.42,7.13,7.4,7.4,34197300,39.396642408806834,-72.1649484536082,-72.1649484536082,-109.45794514833517,-66.66666666666667,16.33183516784886,65.35251153537756,38.667703036647,23.255315413043228,Bullish,None,0.03000000000000025,14.156899965000013,Bearish,41.20559978130271,-1,-1.0
2022-09-26,7.35,7.83,7.35,7.53,7.53,45429800,41.97751632338943,-58.7628865979381,-58.7628865979381,-19.67694566813513,66.6666666666669,15.860958256746752,55.64477501031728,43.21188108240592,61.651562495423754,Bullish,None,0.1299999999999999,14.057199970000015,Bearish,43.659187635124894,-1,-1.0
2022-09-27,7.69,7.835,7.46,7.63,7.63,31794700,43.95471589770415,-48.45360824742267,-48.45360824742267,10.559796437659056,66.6666666666675,15.407383940805753,51.234997473807965,46.63359152748233,78.33066546648212,Bearish,None,0.09999999999999964,13.972749970000017,Bearish,45.5418392004508,-1,-1.0
2022-09-28,7.63,8.0,7.62,7.94,7.94,31955900,49.679339104827505,-16.49484536082467,-16.49484536082467,89.63347490954908,66.66666666666667,14.768380186416124,62.86141447204126,55.90047849825381,94.13803816021228,Bullish,None,0.3100000000000005,13.892249965000017,Bearish,51.0072752363966,-1,-1.0
2022-09-29,8.05,8.33,7.78,8.08,8.08,57845800,52.06083230964866,-20.83333333333333,-20.83333333333333,152.954978735885,66.66666666666639,14.287713680116719,77.290307182859,59.475679744344355,96.4663268635311,Bullish,Doji,0.13999999999999968,13.810999965000017,Bearish,53.28734143480348,0,0.0
2022-10-04,8.48,8.61,8.34,8.46,8.46,36313300,58.46598172897339,-10.135135135135043,-10.135135135135043,204.00210637177477,66.66666666666667,13.853510587066538,94.36442264097764,68.69704118869643,99.53042119432922,Bearish,Doji,0.3800000000000008,13.737449965000017,Bearish,58.88103058247395,0,0.0
2022-10-10,8.17,8.18,7.88,8.06,8.06,26923300,49.36016982521183,-47.82608695652167,-43.650793650793574,36.330640716771235,-66.66666666666667,12.41438293367257,57.4532417388282,50.12350687344511,11.492922975576294,Bearish,Hammer,-0.40000000000000036,13.659849965000017,Bearish,51.84351655865803,0,-1.0
2022-10-11,7.99,8.295,7.7,8.04,8.04,40775800,48.937661765599884,-57.57575757575764,-49.565217391304394,24.75042105006226,-66.66666666666667,12.027809289865985,71.74937376647907,49.34291017195737,10.092297114818876,Bullish,None,-0.02000000000000135,13.581399965000017,Bearish,51.51199867662633,0,-1.0
2022-10-12,8.06,8.1,7.82,8.07,8.07,30201600,49.63408147500767,-59.3406593406593,-54.54545454545449,16.268971150952158,-66.66666666666272,11.66056432824973,78.8974397803045,50.64009936359165,34.16276298881243,Bullish,Doji,0.030000000000001137,13.504099960000017,Bearish,52.00774511739971,0,0.0
2022-10-13,7.74,8.2,7.565,8.08,8.08,36040900,49.879467294854216,-50.71770334928228,-50.71770334928228,2.6132841215718177,-66.66666666666667,11.615865436218813,87.51838740866742,51.10958046688905,44.13390011211777,Bullish,None,0.009999999999999787,13.426049955000018,Bearish,52.18324178728588,0,-1.0
2022-10-17,7.71,8.06,7.69,7.94,7.94,31751700,48.04904222230269,-62.037037037036995,-62.037037037036995,-13.086175002304014,66.66666666666667,11.228881227106445,37.45799951024758,48.252371859312305,59.484109224239155,Bullish,None,-0.13999999999999968,13.345099960000017,Bearish,49.456560645119794,0,-1.0
2022-10-18,8.15,8.33,8.04,8.16,8.16,37120400,52.25356874915684,-41.12149532710278,-41.66666666666663,56.79581418395185,66.66666666666646,10.66805992122911,56.07674869361453,54.73030640213214,75.10117742818062,Bullish,Doji,0.21999999999999975,13.264149960000015,Bearish,53.56283815377761,0,0.0
2022-10-19,8.06,8.125,7.845,7.91,7.91,26594000,47.544590735686484,-64.4859813084112,-64.4859813084112,-4.573533325326343,-66.66666666666694,10.390646830261213,37.255938496278795,47.17986036282133,40.03186452186874,Bearish,None,-0.25,13.183699960000014,Bearish,48.7190582503677,0,-1.0
2022-10-24,8.3,8.3,8.01,8.27,8.27,28062200,54.16107963827432,-7.500000000000064,-7.500000000000064,47.77728925743782,66.66666666666667,9.002855797397437,46.54004895586841,57.20641889361484,75.39832410256192,Bearish,Doji,0.35999999999999943,13.103749960000014,Bearish,55.02613616470232,0,0.0
2022-10-28,8.55,8.66,8.365,8.64,8.64,20697400,59.71645113135755,-30.147058823529417,-26.973684210526315,105.13540165364432,-66.6666666666687,10.376254961548353,55.82837506447722,64.597047728024,81.44639498099747,Bullish,Hammer,0.370000000000001,13.023499955000013,Bearish,60.41488586843753,0,1.0
2022-11-02,8.7,8.76,8.2,8.22,8.22,36042600,48.836499077892086,-63.15789473684209,-63.15789473684209,35.216525634643794,-66.66666666666634,11.678253911093833,55.02167950731763,45.67894987358066,9.349671700263555,Bearish,None,-0.41999999999999993,12.942449955000013,Bearish,52.696262114505956,0,-1.0
2022-11-03,8.07,8.3,7.87,8.08,8.08,36419500,46.15468799186855,-78.39999999999998,-73.68421052631581,-38.336269955683434,-66.66666666666667,11.285653311847595,62.94544255528471,41.74518438089378,6.215168681780514,Bullish,Doji,-0.14000000000000057,12.855799955000014,Bearish,50.38545077880947,0,0.0
2022-11-07,7.78,7.85,6.89,7.02,7.02,99332800,31.2419617380986,-94.00921658986177,-94.00921658986177,-207.67565953953508,-66.66666666666667,11.203266459619368,84.36873271661022,23.034938276123693,0.5956096440208273,Bearish,None,-1.0600000000000005,12.763299955000013,Bearish,37.114752832910966,0,-1.0
2022-11-08,7.08,7.42,6.91,7.21,7.21,56353900,35.317390295324685,-85.25345622119815,-85.25345622119815,-191.0071345611416,-66.66666666666747,11.567773800356132,90.03016331203627,29.507812179334774,26.30249538372123,Bullish,None,0.1900000000000004,12.674049960000014,Bearish,40.15726596843268,0,-1.0
2022-11-09,7.12,7.185,6.95,6.98,6.98,42517300,32.78417021824647,-95.85253456221196,-95.85253456221196,-183.42405109224157,-66.66666666666667,11.914055774056058,92.86087860974928,26.475496600803005,16.175138138166847,Bearish,None,-0.22999999999999954,12.580749965000013,Bearish,37.774706719938195,0,-1.0
2022-11-10,7.46,7.97,7.43,7.64,7.64,58579800,44.979869695255395,-65.4377880184332,-65.4377880184332,-66.88513570288205,66.66666666666667,11.393936141407016,82.74724405654791,44.790905941031255,73.88439010226581,Bullish,None,0.6599999999999993,12.489549970000011,Bearish,47.415975246062196,-1,-1.0
2022-11-17,7.83,7.88,7.525,7.62,7.62,33746500,45.03485070269059,-53.797468354430386,-53.797468354430386,-72.74528898228299,-66.66666666666667,10.84359363890418,59.46490265362054,43.60973853181934,17.211144273267713,Bearish,None,-0.019999999999999574,12.39484997500001,Bearish,47.17742918946649,-1,-1.0
2022-11-18,7.76,7.79,7.31,7.39,7.39,27245200,42.54856539400415,-68.35443037974686,-68.35443037974686,-90.12884553767923,-66.66666666666667,10.596743010530123,71.3506538294279,40.196510949349666,10.704809770667637,Bearish,None,-0.23000000000000043,12.30219997500001,Bearish,44.41039386955518,-1,-1.0
2022-11-21,7.31,7.32,7.07,7.19,7.19,36605600,40.4569482201519,-82.05128205128204,-81.01265822784808,-116.9212025047456,-66.66666666666686,10.602174920940431,81.24440321564933,37.33770873793912,6.4586251265044385,Bearish,Hammer,-0.1999999999999993,12.207549970000011,Bearish,42.09816691298943,-1,-1.0
2022-11-22,7.18,7.25,6.98,7.22,7.22,27327800,40.92605230429157,-82.2368421052632,-80.12820512820517,-107.71320863361132,-66.66666666666667,10.695444203548202,87.34857802598569,38.08083840604428,16.406159617531372,Bullish,Doji,0.02999999999999936,12.11129997500001,Bearish,42.581088625282575,-1,-1.0
2022-11-23,7.25,7.42,7.12,7.37,7.37,24182900,43.33011156789189,-73.82550335570473,-72.36842105263159,-77.6668507964737,66.66666666666667,10.571730533028695,44.9874998554648,41.95305986486661,59.488054873734995,Bullish,None,0.15000000000000036,12.01814997500001,Bearish,45.04891922535789,-1,-1.0
2022-11-25,7.32,7.339,7.19,7.28,7.28,10824400,42.21990856544143,-79.86577181208055,-79.86577181208055,-74.07483202019161,-66.66666666666666,10.454202546035164,23.80696077020436,40.25385264221498,36.75628084590289,Bearish,Doji,-0.08999999999999986,11.920799975000012,Bearish,43.83165681354665,-1,-1.0
2022-11-28,7.23,7.4,7.15,7.16,7.16,19438000,40.72173448856102,-87.91946308724835,-87.91946308724835,-71.77452077220573,-66.66666666666667,10.26252377704839,33.47896892232828,37.948343814998985,18.205231099532853,Bearish,None,-0.1200000000000001,11.83534997500001,Bearish,42.19454056945853,-1,-1.0
2022-11-29,7.2,7.3,7.05,7.08,7.08,22150800,39.710064182503004,-93.28859060402688,-93.28859060402688,-79.17074026722798,-66.66666666666667,10.196621459223408,36.46875833169331,36.38538485947774,10.882184978907283,Bearish,None,-0.08000000000000007,11.758149975000011,Bearish,41.09262346682057,-1,-1.0
2022-11-30,7.14,7.51,7.033,7.5,7.5,32745700,47.1354835427056,-58.730158730158756,-65.10067114093964,-42.14743925338026,66.66666666666667,9.849979859234015,47.86794367241981,48.83231704870297,82.93945399664412,Bullish,None,0.41999999999999993,11.680699975000012,Bearish,48.671353854747615,-1,-1.0
2022-12-02,7.615,7.76,7.5,7.66,7.66,18794000,49.50830205505722,-24.444444444444432,-24.444444444444432,18.91684982589578,-66.66666666666728,9.459190935166411,78.22497550579493,51.813835109519516,56.42827934726202,Bullish,None,0.16000000000000014,11.604849975000011,Bearish,51.2447325124307,-1,-1.0
2022-12-05,7.62,7.695,7.105,7.19,7.19,32158200,43.213416196783925,-76.66666666666666,-76.66666666666666,-38.05544091346808,-66.66666666666687,9.193999108664205,65.85038336976572,41.83257654852644,19.84366037023625,Bearish,None,-0.46999999999999975,11.523749975000012,Bearish,44.22982896408264,-1,-1.0
2022-12-06,7.19,7.195,6.88,6.99,6.99,32868100,40.83411306730284,-88.99999999999997,-88.99999999999997,-96.52290203945212,-66.66666666666667,9.198927398407623,70.4040657261395,38.30051069401411,12.787698238261283,Bearish,None,-0.20000000000000018,11.44304998000001,Bearish,41.618985781179205,-1,-1.0
2022-12-07,7.08,7.35,7.02,7.07,7.07,28351600,42.204890484683624,-80.99999999999996,-80.99999999999996,-70.82917082917123,66.66666666666667,8.999159986803551,38.66763159450102,40.55897374901224,32.102083528929164,Bearish,Doji,0.08000000000000007,11.365949980000012,Bearish,43.06667958323528,-1,-1.0
2022-12-08,7.1,7.27,6.94,7.12,7.12,23107700,43.09231451602657,-75.99999999999997,-75.99999999999997,-79.55461507456681,-66.66666666666667,8.903804968352695,36.12720390122255,42.05044225407646,46.82305678911436,Bullish,Doji,0.04999999999999982,11.294049980000011,Bearish,44.00132637768941,-1,-1.0
2022-12-09,7.06,7.19,7.03,7.11,7.11,23367300,42.95027123872291,-76.99999999999996,-76.99999999999996,-72.82759992046128,0.0,8.813217700824381,34.85699005458331,41.814374909462614,43.086423224327,Bullish,None,-0.009999999999999787,11.222549980000013,Bearish,43.846291804997236,-1,-1.0
2022-12-12,7.11,7.31,7.09,7.29,7.29,22672400,46.376624966622806,-58.999999999999986,-58.999999999999986,-44.604525940479135,66.66666666666667,8.555548790286677,42.858041468929166,47.75380827737757,85.30473018100899,Bullish,None,0.17999999999999972,11.155749980000012,Bearish,47.43638097709013,-1,-1.0
2022-12-14,7.5,7.6,7.265,7.35,7.35,22653800,47.57151631433329,-56.880733944954144,-56.880733944954144,12.406967108370635,-66.66666666666667,8.647064365587621,44.88736987441178,49.25070553913849,49.65694191015953,Bearish,None,0.05999999999999961,11.086949975000012,Bearish,48.61567176736218,-1,-1.0
2022-12-15,7.17,7.298,7.01,7.01,7.01,25417100,42.285727690709,-88.07339449541286,-88.07339449541286,-79.1564214110087,-66.66666666666667,8.225719461411655,39.561795535669745,40.33289359877727,15.743154828519254,Bearish,None,-0.33999999999999986,11.016849970000012,Bearish,42.76107945679104,-1,-1.0
2022-12-16,7.02,7.08,6.76,6.9,6.9,32655600,40.709716395503115,-88.42975206611565,-88.42975206611565,-143.07248656442482,-66.66666666666636,8.094027251138588,52.46471178121804,37.839140746625986,10.918216362370579,Bearish,None,-0.10999999999999943,10.945999970000011,Bearish,41.039143074745304,-1,-1.0
2022-12-19,6.8,6.83,6.32,6.35,6.35,41511600,33.9053402715061,-98.18181818181823,-98.18181818181823,-258.0568860504992,-66.66666666666667,8.426873957864194,69.7379067655276,28.07496180332045,2.686050155439069,Bearish,None,-0.5500000000000007,10.874499970000011,Bearish,33.72622285810399,-1,-1.0
2022-12-20,6.29,6.54,6.2,6.31,6.31,30215600,33.46722148290527,-93.7853107344633,-93.7853107344633,-242.00714768666032,-66.66666666666706,8.858576971681327,80.02553533691923,27.494478444344317,2.420583598207204,Bullish,Doji,-0.040000000000000036,10.80914997500001,Bearish,33.26200382163445,-1,-1.0
2022-12-21,6.24,6.52,6.04,6.5,6.5,34408600,37.592371469675726,-76.16580310880829,-76.16580310880829,-195.531415874583,66.66666666666667,9.420627630040098,87.12621553303205,34.708439308894974,49.672793801968226,Bullish,None,0.1900000000000004,10.74319997000001,Bearish,37.651923678307256,-1,-1.0
2022-12-22,6.37,6.38,6.18,6.32,6.32,28066000,35.35586994642935,-85.49222797927459,-85.49222797927459,-170.31449213769605,-66.66666666666568,9.954575755480931,90.67655563108846,31.380786888014278,25.904784907436795,Bearish,None,-0.17999999999999972,10.67989997000001,Bearish,35.28401466606338,-1,-1.0
2022-12-23,6.27,6.3,6.07,6.29,6.29,20419000,34.98231758518631,-87.04663212435233,-87.04663212435233,-150.4158912052383,-66.66666666666586,10.570297094401012,93.97093765624186,30.826633186883768,22.341395701722643,Bullish,Doji,-0.03000000000000025,10.61734997500001,Bearish,34.8901795132159,-1,-1.0
2022-12-27,6.15,6.22,5.92,6.0,6.0,34573300,31.515898422585753,-96.09756097560975,-96.09756097560975,-148.48445196942578,-66.66666666666633,11.301022422471618,96.42402094063067,25.860363502235106,6.1051425190471,Bearish,None,-0.29000000000000004,10.55004998000001,Bearish,31.258061495209173,-1,-1.0
2022-12-28,5.98,6.17,5.95,6.07,6.07,30096800,33.23563507119218,-91.07142857142856,-92.68292682926828,-123.009105293577,66.66666666667022,11.995211484138695,97.65056258282507,28.967866995511958,30.49135587073201,Bullish,None,0.07000000000000028,10.48129998000001,Bearish,33.0692642587342,-1,-1.0
2022-12-29,6.1,6.525,6.1,6.4,6.4,42694200,40.78490874891791,-65.16690856313495,-71.4285714285714,-73.64553755549771,66.66666666666667,12.094124369190066,83.71195655954207,41.886258270596706,79.84539656486568,Bullish,None,0.33000000000000007,10.418599975000012,Bearish,40.966007802010715,-1,-1.0
2022-12-30,6.19,6.42,6.19,6.42,6.42,27830900,41.21871941902931,-56.896551724137936,-63.715529753265606,-65.08981219656249,66.6666666667022,12.188091609988868,76.74265354790057,42.59804330604718,81.44255544653346,Bullish,None,0.019999999999999574,10.358699975000011,Bearish,41.41712960895951,-1,-1.0
2023-01-03,6.58,6.64,6.275,6.39,6.39,29969900,40.73662860866563,-48.351648351648386,-59.48275862068969,-46.05820300070984,66.66666666666731,11.947213090195621,83.49938903742714,41.73542506656572,65.79961270451248,Bearish,None,-0.03000000000000025,10.29744998000001,Bearish,40.91209708063014,-1,-1.0
2023-01-04,6.48,6.675,6.37,6.58,6.58,31660500,45.114929589569954,-12.582781456953612,-27.472527472527467,-25.89814632336751,66.66666666666667,11.666794169639129,87.74188992338415,49.08200412150805,90.03754841513248,Bullish,None,0.1900000000000004,10.23604997500001,Bearish,45.44899627419855,-1,-1.0
2023-01-05,6.45,6.49,6.25,6.32,6.32,34186000,40.68535702179042,-47.019867549668824,-47.019867549668824,-50.37046293548251,-66.66666666666667,11.55735175421965,50.55801402030911,41.10334347869269,30.629082617844116,Bearish,None,-0.2599999999999998,10.172349980000009,Bearish,40.82907548554604,-1,-1.0
2023-01-09,6.49,6.67,6.4,6.5,6.5,31028900,44.89180509587093,-23.17880794701985,-23.17880794701985,-14.334394923137367,66.66666666666667,11.404501745092523,47.554501142686306,48.12693896174961,71.34792543874055,Bullish,Doji,0.17999999999999972,10.11504998500001,Bearish,44.99754070101535,-1,-1.0
2023-01-10,6.5,6.72,6.49,6.7,6.7,28236600,49.33235935989121,-2.499999999999947,-2.499999999999947,10.707697844963263,66.66666666666667,11.088152588963876,49.36624106795806,55.15852151373809,89.29720701572766,Bullish,None,0.20000000000000018,10.05404998500001,Bearish,49.27360293780664,-1,-1.0
2023-01-19,6.8,6.895,6.67,6.73,6.73,24841700,48.266464267112816,-47.107438016528874,-47.107438016528874,63.35733882030198,-66.66666666666688,9.930556036457379,59.98461650585192,49.2520951901875,13.989685501036378,Bearish,None,0.03000000000000025,9.99329999000001,Bearish,49.90274937820846,-1,-1.0
2023-01-24,7.0,7.42,7.0,7.02,7.02,22649500,52.9213236434804,-43.01075268817209,-39.215686274509856,107.19619467324138,-66.66666666666667,10.891273395234737,72.14839061189608,54.72018760485709,39.63173457598425,Bullish,Doji,0.28999999999999915,9.93374999000001,Bearish,55.63142970144478,0,0.0
2023-01-27,7.19,7.73,7.14,7.55,7.55,37555200,61.61891663208726,-16.981132075471745,-16.981132075471745,146.81683487934475,66.66666666666667,11.413516867802958,52.819323305011324,67.02427274456983,89.12289028267033,Bullish,None,0.5300000000000002,9.876799985000009,Bearish,63.782608487024184,0,1.0
2023-02-02,8.51,9.21,8.47,8.99,8.99,71889700,75.14881455150962,-8.730158730158754,-8.661417322834668,283.9019206929311,66.66666666666681,15.316094119836979,92.13229901663999,81.88651674671608,97.78286640865048,Bullish,None,1.4400000000000004,9.82889998500001,Bearish,76.44469017843593,0,1.0
2023-02-03,8.54,8.9,8.373,8.41,8.41,64785500,64.27948688366367,-31.74603174603177,-31.74603174603177,188.923927209079,-66.66666666666667,16.79553467991102,82.49363252866854,66.08933135681059,48.74786603849437,Bearish,None,-0.5800000000000001,9.78009998500001,Bearish,66.37849132513168,0,1.0
2023-02-08,8.25,8.57,8.17,8.22,8.22,35105500,60.79094328539828,-45.6221198156682,-39.28571428571429,97.78121463294774,66.66666666666667,19.70152550545965,34.043326985831584,60.96117965673904,27.791530369074422,Bearish,Doji,-0.1899999999999995,9.72774998000001,Bearish,63.43179440899637,0,0.0
2023-02-10,7.79,7.86,7.46,7.51,7.51,43042400,49.269036555506034,-91.89189189189192,-82.12560386473432,0.7771549514688473,-66.66666666666667,19.951916727191907,60.50136970286839,44.45751458395662,3.107746947449769,Bearish,None,-0.7100000000000009,9.67424998500001,Bearish,53.817431916272184,0,-1.0
2023-02-13,7.58,7.775,7.45,7.61,7.61,87397100,50.72515591731719,-87.43169398907102,-86.48648648648648,-3.4431477217223243,66.66666666663114,19.715333486168383,71.81233458282702,46.838558456354164,25.97603925114897,Bullish,Doji,0.10000000000000053,9.619649980000009,Bearish,54.855310382368536,0,0.0
2023-02-14,8.59,9.295,8.23,9.22,9.22,216055200,67.0988205985392,-4.065040650406466,-3.9164490861618426,141.08708730244106,66.66666666666663,20.649667896784603,76.34734135681644,70.07454899091097,91.39233429806355,Bullish,None,1.6100000000000003,9.58094998500001,Bearish,67.51371621809349,0,1.0
2023-02-15,9.16,10.23,9.11,10.11,10.11,153210400,72.53244328317547,-4.316546762589963,-4.316546762589963,202.2151437553348,66.66666666666667,22.000561788774498,83.62580438699132,76.4703687471613,95.64616260110843,Bullish,None,0.8899999999999988,9.54779998500001,Bullish,72.16077621786141,0,1.0
2023-02-16,9.65,10.31,9.6,9.71,9.71,88638800,67.16376119081283,-20.979020979020962,-20.979020979020962,179.46322115969534,66.66666666666876,23.318885791914628,87.6394246633746,69.0126388079013,66.22703185332355,Bullish,None,-0.3999999999999986,9.513549990000008,Bullish,67.48815607744723,0,1.0
2023-02-17,9.57,9.71,9.085,9.2,9.2,62137800,60.96751399226598,-38.81118881118885,-38.81118881118885,112.73532880078068,-66.66666666666644,23.955181425645414,47.299584787076306,60.54342390095435,37.115773364123164,Bearish,None,-0.5100000000000016,9.47704999000001,Bearish,61.9776760083657,1,1.0
2023-02-21,9.01,9.1,8.4,8.47,8.47,65226600,53.37678470003576,-64.33566433566432,-64.33566433566432,42.88410165919174,-66.66666666666667,23.851080223705996,54.01086421782615,50.55333145963215,16.434761687656128,Bearish,None,-0.7299999999999986,9.434949995000009,Bearish,55.04902237138626,1,1.0
2023-02-22,8.48,8.625,8.16,8.36,8.36,55346000,52.31971196876781,-68.18181818181822,-68.18181818181822,10.65946861437491,-66.6666666666671,23.526738822141603,63.02665099881392,49.177727760719286,14.071771767999527,Bearish,None,-0.11000000000000121,9.39315000000001,Bearish,54.06815647569536,1,1.0
2023-02-24,7.94,8.2,7.87,8.09,8.09,41518600,49.66076915732893,-77.62237762237764,-77.62237762237764,-40.03092588480102,-66.66666666666755,22.443003131739502,78.59135217754138,45.62270448026277,7.348323399076534,Bullish,None,-0.2699999999999996,9.35355000000001,Bearish,51.636123724936134,0,-1.0
2023-02-27,8.12,8.23,7.96,8.03,8.03,35270000,49.03285488674561,-79.72027972027975,-79.72027972027975,-42.96517055040287,66.66666666666667,21.946035818089463,68.7266393233912,44.74545883614426,5.534909270303768,Bearish,None,-0.0600000000000005,9.31365000000001,Bearish,51.08619853501558,0,-1.0
2023-02-28,7.96,8.097,7.8,7.84,7.84,32937000,47.005979484153734,-98.40637450199203,-86.36363636363637,-68.79859418776205,-66.66666666666667,21.316643284684798,76.06078984957082,41.876863960674875,2.159597493317168,Bearish,None,-0.1899999999999995,9.27800000000001,Bearish,49.29581105968172,0,-1.0
2023-03-01,7.83,7.91,7.69,7.69,7.69,27939100,45.41004824166924,-100.0,-100.0,-89.89151791429394,-66.66666666666707,20.61028025150687,83.46854548417078,39.620887163108534,1.100220204257882,Bearish,None,-0.14999999999999947,9.24365000000001,Bearish,47.86946674530165,-1,-1.0
2023-03-02,7.59,8.03,7.56,7.97,7.97,36538700,48.897849291794394,-85.09090909090908,-85.09090909090908,-75.71085423434418,66.66666666666667,19.81019283381059,89.52506916119137,45.7573825272907,65.06991371653494,Bullish,Engulfing,0.27999999999999936,9.21040000000001,Bearish,50.73499282190353,0,1.0
2023-03-03,8.0,8.5,8.0,8.33,8.33,43229100,53.051147619385496,-64.18604651162791,-71.99999999999999,-16.742876423842837,66.66666666666653,19.450465221203203,74.08386590644417,52.70932525183645,86.88433556164301,Bullish,None,0.3600000000000003,9.184400000000009,Bearish,54.219354750114,0,1.0
2023-03-06,8.34,8.45,8.2,8.28,8.28,28316200,52.41398061264335,-53.246753246753265,-66.51162790697677,-10.561479843551131,66.66666666666667,19.108723989226185,66.36326427907058,51.67451205720764,74.04009287241458,Bearish,None,-0.05000000000000071,9.158800000000008,Bearish,53.65178263193571,0,1.0
2023-03-07,8.275,8.425,8.19,8.28,8.28,26819600,52.41398061264335,-32.394366197183146,-53.246753246753265,-11.732317416994656,-66.66666666666667,18.772949140812482,57.514489990122,51.67451205720764,74.04009287241458,Bullish,Doji,0.0,9.134900000000009,Bearish,53.651782631935696,0,0.0
2023-03-09,8.07,8.26,7.68,7.69,7.69,29005900,44.65346578604309,-87.25490196078425,-87.25490196078425,-66.52207348464975,-66.66666666666652,17.988406916702747,63.49951830622048,39.13163314743304,5.617048373384865,Bearish,None,-0.589999999999999,9.10960000000001,Bearish,46.92886036625413,0,-1.0
2023-03-10,7.59,7.68,7.28,7.35,7.35,41953600,40.832121912877625,-94.61538461538467,-94.61538461538467,-117.77318019857998,-66.66666666666653,17.168248760083447,73.49777723875243,33.67794094426189,2.529954506554272,Bearish,None,-0.34000000000000075,9.08495000000001,Bearish,43.54274806994028,0,-1.0
2023-03-13,7.29,8.15,7.19,7.87,7.87,63183500,48.14164134667861,-51.07913669064749,-51.07913669064749,-79.42680493193643,66.66666666666647,16.668604772215062,49.28874488006618,46.50561218586548,63.645635244828824,Bullish,Engulfing,0.5200000000000005,9.060750000000008,Bearish,49.53957312239788,0,-1.0
2023-03-14,8.05,8.14,7.78,7.89,7.89,33460100,48.405648880804776,-49.64028776978421,-49.64028776978421,-55.96558061138022,66.66666666666637,16.193942983740094,37.184228700723054,46.94958642169763,65.31840877476223,Bearish,None,0.019999999999999574,9.031650000000008,Bearish,49.760606250365754,-1,-1.0
2023-03-15,7.81,7.99,7.7,7.9,7.9,28217400,48.54669641738732,-48.920863309352505,-48.920863309352505,-62.44315289428685,-66.66666666666586,15.657249918150688,24.011980919499376,47.196098433569006,66.8440152335653,Bullish,None,0.010000000000000675,9.000150000000009,Bearish,49.87882391896568,-1,-1.0
2023-03-16,8.01,8.08,7.86,7.98,7.98,20255400,49.730667617822235,-43.16546762589926,-43.16546762589926,-40.58720405163735,66.66666666666667,15.23531440853231,28.33939187760072,49.31575173149716,80.54024169239187,Bearish,Doji,0.08000000000000007,8.973450000000009,Bearish,50.874728284516635,0,0.0
2023-03-17,7.93,8.03,7.84,7.88,7.88,20920800,48.23650320671329,-50.35971223021585,-50.35971223021585,-43.81937809264153,-66.66666666666667,14.811251778086582,20.649985159004395,46.68064504838899,39.622072501383236,Bearish,None,-0.10000000000000053,8.95060000000001,Bearish,49.54938212878431,0,-1.0
2023-03-20,7.765,8.095,7.72,8.08,8.08,25497400,51.382657336262504,-35.97122302158274,-35.97122302158274,-21.96539501290133,66.66666666666667,14.266239807019593,40.02638219888709,52.40299823834131,80.08765095491057,Bullish,Engulfing,0.20000000000000018,8.926300000000008,Bearish,52.229779275701574,0,1.0
2023-03-21,8.2,8.51,8.17,8.45,8.45,27104500,56.633911638044324,-9.352517985611568,-9.352517985611568,117.39368135054113,66.66666666666653,14.17309843135753,55.337560226757766,61.0933582731823,94.27766245615507,Bullish,None,0.3699999999999992,8.90365000000001,Bearish,56.80224297856768,0,1.0
2023-03-22,8.44,8.62,8.2,8.21,8.21,34151000,52.66060674076035,-28.67132867132858,-28.67132867132858,108.11700723551859,-66.66666666666312,14.190017757776237,67.42406864434135,53.910554359026996,48.98852075957272,Bearish,None,-0.23999999999999844,8.878950000000009,Bearish,53.24229242293937,0,1.0
2023-03-23,8.32,8.56,8.16,8.33,8.33,22662200,54.383857880544504,-20.279720279720237,-20.279720279720237,102.96870035590176,66.66666666664891,14.153829982283048,57.30723045223944,56.769542601091736,65.54164114874277,Bullish,Doji,0.11999999999999922,8.85125000000001,Bearish,54.76870586622085,0,0.0
2023-03-24,8.29,8.35,8.06,8.2,8.2,17901200,52.16831829699814,-29.37062937062939,-29.37062937062939,51.53175086224329,-66.66666666666747,13.986374156655549,39.924003105684,52.77938679967904,38.48420736849441,Bearish,None,-0.13000000000000078,8.82445000000001,Bearish,52.75931283493058,0,1.0
2023-03-27,8.15,8.32,7.94,8.04,8.04,20666800,49.49569212661575,-63.043478260869634,-40.559440559440596,19.146445051538713,-66.66666666666782,13.667860201133356,51.83860662731264,48.09843118893574,19.087567459104676,Bearish,None,-0.16000000000000014,8.799000000000008,Bearish,50.312667224557,0,-1.0
2023-03-28,8.06,8.12,7.97,8.0,8.0,14860500,48.82229040644649,-67.39130434782606,-67.39130434782606,-4.183006535948366,-66.66666666666667,13.36527194338727,57.79590838812696,46.92787148407862,15.245566081021655,Bearish,None,-0.03999999999999915,8.77270000000001,Bearish,49.692247962426876,0,-1.0
2023-03-29,8.09,8.25,8.051,8.22,8.22,15339700,52.63888565182341,-44.444444444444315,-43.478260869565105,35.70983388884388,66.66666666666667,13.232045994424258,54.12862596486787,53.87373381803753,73.63053005658787,Bullish,None,0.22000000000000064,8.74295000000001,Bearish,53.11657059515033,0,1.0
2023-03-30,8.33,8.38,8.05,8.15,8.15,21001600,51.32727919697958,-52.22222222222213,-52.22222222222213,37.632744781516024,66.66666666666667,13.257082634496296,66.72203891891021,51.46282296117282,51.19014504044909,Bearish,None,-0.07000000000000028,8.71385000000001,Bearish,51.90592577404159,0,1.0
2023-03-31,8.15,8.48,8.08,8.45,8.45,26174800,56.347407302776055,-18.888888888888893,-18.888888888888893,83.45230334188801,66.66666666666667,13.396280564975092,77.90648325847536,60.0768236280572,86.48793047003832,Bullish,None,0.29999999999999893,8.69725000000001,Bearish,56.48362571852292,0,1.0
2023-04-03,8.37,8.53,8.21,8.38,8.38,22512000,54.923924560002625,-35.294117647058656,-26.66666666666651,93.19521410921004,66.6666666666699,13.586816034741101,85.24921903530989,57.402638024317895,64.66488971145668,Bullish,Doji,-0.06999999999999851,8.68405000000001,Bearish,55.164230854774424,0,0.0
2023-04-05,8.63,8.65,7.84,7.98,7.98,54946900,47.083408480214786,-82.716049382716,-82.716049382716,23.20519744055509,-66.66666666666667,13.335663693131426,84.87564890401742,43.51189945748881,9.870779289076077,Bearish,None,-0.40000000000000036,8.67155000000001,Bearish,48.231147078475495,0,-1.0
2023-04-06,7.88,8.14,7.79,8.09,8.09,23488600,49.24089100629679,-65.11627906976747,-65.11627906976747,-29.03565007971277,-66.66666666666667,12.839072276078827,84.4769894959905,47.47707052001262,39.274322145167,Bullish,None,0.10999999999999943,8.65985000000001,Bearish,50.088881220878555,0,-1.0
2023-04-10,8.0,8.44,7.9,8.39,8.39,29184700,54.66917209481831,-30.232558139534845,-30.232558139534845,44.33589579329512,66.66666666666667,12.765301212429211,63.8961071503589,56.78442658099527,78.15212823547031,Bullish,None,0.3000000000000007,8.64265000000001,Bearish,54.84778906317758,0,1.0
2023-04-11,8.35,8.79,8.34,8.61,8.61,35617900,58.199506587561324,-17.999999999999986,-17.999999999999986,166.18139566673503,66.66666666666666,13.102489504500245,71.10887913545719,62.29647796404407,88.73234217633778,Bullish,None,0.21999999999999886,8.62835000000001,Bearish,58.00966915226433,0,1.0
2023-04-13,8.5,8.7,8.43,8.58,8.58,27983300,56.61017869449909,-20.999999999999925,-20.999999999999925,134.82320423366022,66.66666666666667,13.599721751590925,59.97512080525482,59.03122119354778,69.65744722740119,Bullish,None,-0.02999999999999936,8.612000000000009,Bearish,57.419187140257385,0,1.0
2023-04-14,8.53,8.91,8.47,8.81,8.81,42364500,59.975623933556236,-8.928571428571395,-8.928571428571395,172.8753518676667,66.66666666666592,14.074439907555277,73.90909383488972,64.0304102534763,84.1426659265953,Bullish,None,0.23000000000000043,8.59515000000001,Bullish,60.72033742942826,1,1.0
2023-04-17,8.81,9.04,8.78,8.8,8.8,26047500,59.75859786009771,-19.19999999999989,-19.19999999999989,200.8158009032729,66.66666666666666,14.669651288723554,83.74513998706436,63.650506927454884,80.78894413735996,Bearish,Doji,-0.009999999999999787,8.57885000000001,Bullish,60.50071902486016,1,1.0
2023-04-18,8.93,9.02,8.72,8.73,8.73,21185300,58.171761736747165,-24.799999999999915,-24.799999999999915,162.35438671108912,-66.6666666666643,15.122374083197574,59.2897685145166,60.80927179307181,51.854067759593484,Bearish,None,-0.07000000000000028,8.56580000000001,Bullish,58.89490587005586,1,1.0
2023-04-19,8.58,8.658,8.48,8.49,8.49,18193700,52.97753055366757,-43.99999999999995,-43.99999999999995,57.14671938629032,-66.66666666666625,15.118975338516936,59.97704746415072,51.877281478125546,15.004450252279366,Bearish,None,-0.2400000000000002,8.553450000000009,Bearish,53.63827850875267,1,1.0
2023-04-25,8.0,8.02,7.73,7.74,7.74,21849100,39.71613578057168,-99.23664122137407,-99.23664122137407,-150.59084593820955,-66.66666666666644,13.073382870560682,92.7604998388639,32.26306488075412,2.2642583720154557,Bearish,None,-0.75,8.53660000000001,Bearish,41.24830733682286,0,-1.0
2023-04-26,7.87,7.91,7.65,7.74,7.74,21396700,39.71613578057168,-93.5251798561151,-93.5251798561151,-156.5750941291311,-66.66666666666667,12.915030620511814,95.57911180355543,32.26306488075412,2.2642583720154557,Bearish,None,0.0,8.52010000000001,Bearish,41.24830733682286,0,-1.0
2023-04-27,7.83,7.91,7.72,7.82,7.82,21385500,41.697102958997746,-87.76978417266186,-87.76978417266186,-128.08668007526077,66.66666666666785,12.76459598296539,96.98841778590122,36.041964296482384,41.79798677700434,Bearish,Doji,0.08000000000000007,8.50095000000001,Bearish,42.88052386382055,0,-1.0
2023-04-28,7.77,8.0,7.62,7.75,7.75,24924400,40.44473785394281,-90.84507042253522,-90.84507042253522,-120.32725741442546,-66.66666666666445,12.764486417077023,98.17863534501417,34.16571362041063,24.473777587050506,Bearish,Doji,-0.07000000000000028,8.48035000000001,Bearish,41.78659984442695,-1,-1.0
2023-05-01,7.75,7.82,7.66,7.78,7.78,19134200,41.25901861214727,-88.57142857142856,-88.73239436619717,-113.30315933989236,-66.66666666666507,12.764382329483073,98.77374412457065,35.777637120720144,44.2719503394741,Bullish,Doji,0.03000000000000025,8.46230000000001,Bearish,42.46404524439225,-1,-1.0
2023-05-02,7.72,7.91,7.43,7.59,7.59,38008000,37.73961906727678,-86.97068403908793,-89.937106918239,-120.28152978315961,-66.66666666666721,13.090335794007757,99.33888382030446,30.463247802235493,10.247200841308354,Bearish,None,-0.1900000000000004,8.447750000000008,Bearish,39.341429816977936,-1,-1.0
2023-05-03,7.62,7.68,7.45,7.56,7.56,24322400,37.2000518413287,-87.85046728971965,-89.41368078175897,-120.3998777666215,-66.66666666666741,13.399991585306205,99.62145366817137,29.680128963397806,8.245938501706572,Bearish,None,-0.03000000000000025,8.431700000000008,Bearish,38.8555790863868,-1,-1.0
2023-05-04,7.47,7.52,7.28,7.38,7.38,29989300,34.05409124272112,-89.69072164948457,-91.80327868852461,-132.09556833311348,-66.66666666666701,13.926981760142704,99.79704301390575,25.29149170235297,2.4661995054080914,Bearish,None,-0.17999999999999972,8.40965000000001,Bearish,35.984138933907374,-1,-1.0
2023-05-05,7.44,7.55,7.32,7.41,7.41,45601300,35.04011731547454,-86.59793814432992,-86.59793814432992,-112.55556008644913,66.66666666666667,14.361919788263005,79.74065223653132,27.306878876735496,20.938187821168995,Bearish,None,0.03000000000000025,8.38035000000001,Bearish,36.82214029726355,-1,-1.0
2023-05-08,7.64,7.855,7.59,7.74,7.74,105304000,44.81475914050437,-37.83783783783778,-52.577319587628864,-57.588269546344364,66.66666666666667,14.150323041154772,74.20439327758602,45.50071999798696,84.69749839799174,Bullish,None,0.33000000000000007,8.35315000000001,Bearish,45.303982830566596,-1,-1.0
2023-05-09,9.22,9.69,8.655,9.55,9.55,223573300,70.78293759559658,-5.809128630705346,-5.809128630705346,170.24229499024523,66.6666666666667,15.096097704796964,85.63422429657174,78.58034898826307,98.44589430676285,Bullish,None,1.8100000000000005,8.33175000000001,Bullish,69.4947363856913,0,1.0
2023-05-10,9.73,10.3,9.46,9.94,9.94,149375000,73.65913859817198,-11.920529801324541,-11.920529801324541,209.68013571742551,66.66666666666667,16.3984790268131,91.90108964269146,81.32765635860055,98.87966019130432,Bullish,None,0.3899999999999988,8.31645000000001,Bullish,72.33403003182634,0,1.0
2023-05-11,10.14,10.159,9.71,9.88,9.88,73754100,72.47703797043916,-13.907284768211916,-13.907284768211916,176.8078605075909,66.66666666667392,17.63574128272843,95.0345223157513,79.56146881046575,91.0594819005207,Bearish,None,-0.05999999999999872,8.301650000000011,Bullish,71.23552142863048,0,1.0
2023-05-12,9.86,10.01,9.47,9.5,9.5,62031700,65.32656655432876,-26.49006622516558,-26.49006622516558,131.5869338989767,-66.66666666666667,18.458405581367312,59.766522029733984,68.90030589328819,45.48927258912735,Bearish,None,-0.3800000000000008,8.28585000000001,Bullish,64.54945886904478,1,1.0
2023-05-15,9.21,9.6,9.02,9.52,9.52,53555500,65.5193813562189,-25.827814569536457,-25.827814569536457,97.09211121745096,-66.66666666666667,18.637933777527156,53.88184424568742,69.14511336262376,48.21711027814763,Bullish,None,0.019999999999999574,8.271150000000011,Bullish,64.73705483386335,1,1.0
2023-05-16,9.4,9.63,9.35,9.47,9.47,42311900,64.5529208498775,-27.48344370860927,-27.48344370860927,97.78234738854806,66.66666666666667,18.832890875514888,45.60816591184949,67.64745572612193,38.56717535010263,Bullish,None,-0.049999999999998934,8.25400000000001,Bullish,63.82769766485292,1,1.0
2023-05-17,9.54,10.285,9.46,10.25,10.25,63834500,71.59262891892762,-1.655629139072871,-1.655629139072871,121.49055640632967,66.66666666666643,19.505360638987547,56.24191855433797,76.55827655204138,91.51973946910154,Bullish,None,0.7799999999999994,8.243150000000009,Bullish,70.73411091884913,1,1.0
